title,text
Ex president of Vatican hospital convicted of abuse of office,"The former president of a Vatican-owned hospital in Rome on Saturday was convicted of abuse of office for diverting nearly half a million dollars of funds to renovate a top cardinal s luxury apartment. The Vatican court, a three-judge panel, gave Giuseppe Profiti a one-year suspended sentence. The prosecution had asked for three years for the former head of the prestigious Bambino Gesu hospital. It also reduced the seriousness of the charge against Profiti to abuse of office from the initial embezzlement. Massimo Spina, the hospital s treasurer, was acquitted. Testimony at the trial, which began in July in the city-state s courtroom, again exposed lack of transparency in the financial handling of Vatican assets in Italy, where it owns numerous institutions and much real estate. Profiti and Spina were charged with spending 422,000 euros ($481,000) in 2013 and 2014 on refurbishing the large Vatican retirement home of Cardinal Tarcisio Bertone, the Holy See s former number two. His retirement apartment, which has a huge terrace and breath-taking view of the dome of St. Peter s Basilica, has become a symbol of the difficulty of the frugal-minded pope s efforts to rein in the luxury some Church leaders still enjoy. Bertone, 82, was the Vatican secretary of state, effectively the deputy pope, for most of the pontificate of former Pope Benedict and was one of the most powerful men in the Roman Catholic Church. He was removed from office in 2013, eight months after the election of Francis. The renovation started a few weeks later on the spacious property, which is next door to the Vatican guest house where the pope lives in a modest suite. Bertone hired the construction firm of a friend to do the reconstruction work, bypassing the customary bidding process, and made a down payment with his own money. The company eventually went bankrupt but the foundation that runs the hospital sent 422,000 euros to a London-based company affiliated with the construction firm. Neither Bertone nor the owner of the construction company were called to testify at the trial. When the Vatican confirmed last year that Profiti and Spina were under investigation, a lawyer for Bertone said the cardinal had never asked for or authorized payment for the restoration work from hospital funds. Profiti said the hospital used some of its funds to renovate Bertone s apartment because the cardinal had agreed that it could be used for fundraising. After the scandal was first revealed in a book, Bertone gave 150,000 euros of his own money to the Bambino Gesu to make amends for damage done to the hospital s image."
U.S. Senate majority leader: Looking at ways to help Puerto Rico,"U.S. Senate Majority Leader Mitch McConnell on Wednesday said he was weighing options to help deal with Puerto Rico’s fiscal crisis but that any move by Congress to help the territorial island cannot cost U.S. taxpayers any money. McConnell, whose comments follow a letter sent earlier by Senate Democrats and independents, did not commit to any legislative action."
Japan's Oxford-educated crown prince to bring global view to Chrysanthemum Throne,"Japan s Oxford-educated crown prince, Naruhito, looks set to  bring a more global outlook to the ancient imperial institution while carrying on Emperor Akihito s legacy of promoting peace and reconciliation with Asia when he ascends the throne in 2019. Prime Minister Shinzo Abe s cabinet on Friday signed off on  an April 30, 2019 date for the octogenarian Akihito s retirement - the first abdication by a Japanese monarch in two centuries. Akihito, who turns 84 on Dec. 23, has spent much of his nearly three decades on the throne trying to heal the wounds of a war fought in his father Hirohito s name and highlighting the needs of the vulnerable in society. He said in August 2016 that he feared age would make it hard to fulfil his duties.  As an Oxford-educated scholar and well traveled crown prince, Naruhito can draw on a wealth of international experience in carrying out the duties his father pioneered,  said Jeffrey Kingston, director of Asian studies at Temple University Japan. Naruhito, 57, is an advocate for environmental causes, and has taken part in international conferences on clean water.  Certainly, on environmental issues, he s very passionate,   said Shihoko Goto, a senior associate for Northeast Asia at the Washington-based Wilson Center.   He is also very concerned about women s rights ... the idea of empowering women and giving them a position of dignity that goes beyond their place in the traditional world.  Naruhito defied palace officials to marry Masako Owada, a Harvard- and Oxford-educated diplomat who has suffered from stress-related illness brought on by the demands of palace life and pressure to bear a royal heir. At one point, he shocked the public with his blunt defense of his wife from criticism and pressure, drawing a rebuke from his younger brother and sorrowful remarks from his father. Masako s daughter, 16-year-old Aiko, cannot inherit the males-only throne. A one-off law allowing Akihito to abdicate was enacted in June, but did not address the controversial issue of female succession - a matter that is becoming increasingly pressing as the royal family shrinks and ages. Akihito has only one grandson, 11-year-old Prince Hisahito. How Masako, 53, copes with the role of empress will be closely watched.  My hope is that ... she will be able to express herself and embrace some of the things she wants to do and be at the forefront of imperial diplomacy,  the Wilson Center s Goto said."
Malawi 'vampirism' mania spreads as two die in mob violence,"A wave of attacks in Malawi against people accused of vampirism has spread to its second-biggest city of Blantyre, where vigilante mobs killed two people, police said on Thursday. The lynch mob attacks began in mid-September in a country that is one of the world s poorest and where belief in witchcraft is widespread. Six people had already died in the attacks.  In Blantyre on Thursday, mobs  torched a 22-year-old epileptic man in Chileka, and another man was stoned to death  ...after being suspected of being a blood sucker,  said Ramsy Mushani, a national police spokesman. A Reuters reporter witnessed the first incident at a police checkpoint on a road leading to the city s airport. A family member confirmed the man was epileptic and that he was killed while walking home from a nearby hospital. Malawian President Peter Mutharika has been visiting parts of the country affected by the vampire scare, trying to prevent the deaths of innocent people. The United Nations and U.S. embassy have blacklisted several districts in Malawi as dangerous zones for staffers and nationals. Earlier this month the UN pulled staff out of two districts in southern Malawi."
WATCH: Former Reagan Adviser Is Totally DISGUSTED By Trump’s Divisive Rally Speech,"Donald Trump treated Americans who oppose him as the enemy on Saturday and delivered the most divisive speech ever given by a president.Rather than attend the White House Correspondents  Dinner, Trump skipped the event instead to hold a rally in Pennsylvania where he displayed the kind of pettiness and divisiveness that are unprecedented in presidential history. It s time for all of us to remember that we are one people with one great American destiny, and that whether we are black or brown or white, we all bleed the same red blood of patriots, and we all share the same glorious freedoms of our magnificent country,  Trump said, suggesting that Americans who oppose him are not patriots.Trump also bragged about the size of his crowd, despite the fact that it was not a  record,  and bragged about his  achievements  in his first 100 days even though he has been a complete failure who has done nothing but sign tyrannical executive orders and play golf while having no major legislation reach the Oval Office desk.Indeed, Trump s attempt to repeal the popular Affordable Care Act failed spectacularly and his executive orders on immigration have been blocked by the courts.Trump also treated a protester like shit at the rally, ordering security to  get him out of here,  as Nazis stood by in approval.Trump speech was not presidential. It was meant strictly to pander to his vile base of deplorable supporters who still supoort him no matter how much he lies or how much he destroys our country.And David Gergen, who served as an adviser to Nixon, Ford, and Reagan, trashed Trump s  disturbing  speech. This was the most divisive speech I have ever heard from a sitting American president,  Gergen said.  Others may disagree about that. He played to his base and he treated his other listeners, the rest of the people who have been disturbed about him or opposed him, he treated them basically as,  I don t give a damn what you think because you re frankly like the enemy.  I thought it was a deeply disturbing speech. Here s the video via YouTube.Donald Trump should be impeached and everything he has done should be reversed and erased as if he never held office. He should also be put in prison for colluding with Russia, attempting to sabotage the United States, and violating the Constitution. Acting like a hateful and vengeful dictator should not be tolerated in this country.Featured Image: Chip Somodevilla/Getty Images"
Guatemala top court sides with U.N. graft unit in fight with president,"Guatemala s top court on Tuesday ruled definitively against President Jimmy Morales  internationally criticized push to expel the head of a U.N.-backed anti-corruption unit probing his campaign financing.      The decision by the Constitutional Court ratifies a provisional ruling that the government could not expel Ivan Velasquez, a veteran Colombian prosecutor who leads Guatemala s International Commission against Impunity, known as CICIG. Morales on Sunday ordered the expulsion of the prosecutor, who has been a thorn in the president s side by investigating his son and brother, and then seeking to remove his own immunity from investigation over more than $800,000 in potentially unexplained campaign funds. He has denied any wrongdoing.  Within the United Nations, Velasquez has the rank of assistant secretary general. He is widely respected and the president s moved unleashed a series of resignations from his cabinet and a storm of criticism from Western nations.  Earlier in the day, Morales, 48, said he would respect the court s decision, stepping back from brinkmanship he displayed at the weekend when he said the court had overstepped its mandate by ruling on the case.  He has sought support from Guatemala s mayors, possibly to try to counter the diplomatic pressure and street protests by activists calling him corrupt.   I am not defending corrupt people, I am not against the anti-corruption fight, I am not even against the CICIG. Is a machete good or bad? It depends on who is wielding it,  said the former comedian at a meeting with mayors. Morales won office in 2015 running on a platform of honest governance after his predecessor Otto Perez Molina was forced to resign and imprisoned in a multi-million dollar graft case stemming from a CICIG investigation.  The United Nations on Tuesday said it was  disturbed  by Morales  moves against Velasquez, while the Geneva-based International Commission of Jurists said failure to comply with the Constitutional Court ruling could constitute  obstruction of justice , a criminal offense.   The president s decision to declare Ivan Velasquez as  non grata  and ordering his immediate removal from the country is in clear breach of international law,  the ICJ said in a statement.  Hundreds of Guatemalans took to the streets on Monday in support of Velasquez, some shouting  Take Jimmy Morales to court!  Some groups came out in support of the president and against foreign interference. The U.S. ambassador to Guatemala, Todd Robinson, told Reuters the president s moves could put at risk a U.S. development plan in Central America to reduce poverty and crime.  There will probably be consequences from the president s decision,  Robinson said, while emphasizing that any U.S. measures would have to be carefully thought through so as not to affect the economy or migration to the United States.     Many politicians in Guatemala consider the foreign-led body, which is unusual among U.N. bodies for its powers to bring cases to prosecutors, to be a violation of national sovereignty. Anti-corruption activists credit it with cleaning up government."
Trump Suggests Banning Moderators At Debates: Matt Lauer ‘Was Tough On Me’,"Matt Lauer s performance as moderator of the IAVA Commander-in-Chief Forum was roundly slammed, but according to Donald Trump, the morning show host was not easy on him. So, Donald has come up with a way for the debates to treat him fairly.  The GOP thin-skinned presidential nominee thinks there should be no moderators.Donald pulled the  system is being gamed  card. As far as the debates are concerned, the system is being gamed because everybody said that I won the debate, you know, the so-called forum that your group put on,  Trump said.  But they all said I won and that Matt Lauer was easy on me. Well he wasn t. He was   I thought he was very professional, I have to be honest. I think he s been treated very unfairly, but they all said that I won, and what they re doing is they re gaming the system so that when I go into the debate, I m gonna get   be treated very, very unfairly by the moderators. Donald added that Lauer,  wasn t nice to me. He was tough on me. He gave me tough [questions]. I answered them better than she did. That must have been a different debate than the one we all watched. #LaueringTheBar quickly trended on Twitter. Lauer interrupted Hillary repeatedly while letting Donald speak without calling out the Republican candidate s lies. Meanwhile, Edward Murrow is spinning in his grave. The fact is, that they re gaming the system, and I think, maybe, we should have no moderator,  Donald said.  Let Hillary and I sit there and just debate because I think the system is being rigged so it s gonna be a very unfair debate, and I can see it happening right now because everyone s saying that he was soft on Trump,  he continued.  Well now the new person s gonna try to be really hard on Trump just to show, you know, the establishment what he can do. So I think it s very unfair what they re doing. So I think we should have a debate with no moderators   just Hillary and I sitting there talking. On Monday, Trump-backing CNN contributor Jeffrey Lord echoed Donald s thoughts on banning moderators for the debates. Has anyone seen Lord and Trump in the same room together? They might be the same person. They sure sound exactly alike.If Donald is afraid of a moderator, then he wouldn t fare well in talks with a world leader.Featured image via  Mark Wallheiser/Getty"
Mattis backs Geneva process on Syrian conflict,"U.S. Defense Secretary Jim Mattis said on Monday he backed diplomatic efforts to bring an end to the Syrian civil war, which has claimed hundreds of thousands of lives over more than six years of conflict, as Islamic State militants near defeat. Mattis was traveling to Finland to meet with leaders from the Northern Group, a forum for 12 northern European countries, where concern about Russia is growing after it annexed Crimea from Ukraine and gave its backing to eastern Ukraine separatists fighting against the Kiev government.     Russia also supports Syrian President Bashar al-Assad, and with its help Assad has recovered control of swathes of lost Syrian territory over the last two years and appears militarily unassailable. The United States, however, has supported the opposition to Assad during the Syrian war. Secretary of State Rex Tillerson recently reiterated that Assad should leave power, saying the  reign of the Assad family is coming to an end  and  the only issue is how that should be brought about .  Secretary Tillerson engaged strongly with Staffan de Mistura about how do we move what has been going on in Astana, how do we move that over to Geneva where we can actually get the U.N. engaged on the way forward,  Mattis told reporters on a plane en route to Finland.  Russia has backed peace talks in Astana, the capital of Kazakhstan, to end the Syrian civil war. U.N. Special Envoy for Syria Staffan de Mistura announced that stalled peace talks between the Syrian government and still-to-be-united opposition would resume in Geneva on Nov. 28. However, Russia is also fighting against Islamic State in Syria, at times their goals aligning with the United States, whose forces have helped Kurdish-led militias recapture Raqqa and other parts of northern and eastern Syria from the militants. With Islamic State s territory rapidly shrinking, the focus was on defeating it in the final few areas, Mattis said - and avoiding conflict as the gap between Russian and U.S. forces shrinks. What the U.S. strategy wills after the defeat of Islamic State is likely to come up when Mattis visits Brussels later this week, where he will meet with his counterparts from NATO. Mattis declined to comment on whether the United States would take back arms from Kurdish YPG fighters after the defeat of Islamic State, a sensitive point given the concerns of its NATO ally Turkey. Ankara views the YPG as an extension of PKK militants waging an insurgency on Turkish soil, and has sharply criticized U.S. support to the group."
Trump Rages: My Tweets Attacking Mika Are ‘Modern Day Presidential’,"The Twitter-addicted  president  just explained all of his recent vile tweets, which by many have been deemed to be unpresidential. Not so, says amateur president Donald Trump. The current occupant of the White House just explained on Twitter that his  use of social media is not Presidential   it s MODERN DAY PRESIDENTIAL. Make America Great Again!  Well, now you know! Trump is not just a big whiny baby, he s a modern day whiny baby!The FAKE & FRAUDULENT NEWS MEDIA is working hard to convince Republicans and others I should not use social media   but remember, I won .  Donald J. Trump (@realDonaldTrump) July 1, 2017 .the 2016 election with interviews, speeches and social media. I had to beat #FakeNews, and did. We will continue to WIN!  Donald J. Trump (@realDonaldTrump) July 1, 2017He wrote this in Republican caps so it must be for reals.My use of social media is not Presidential   it s MODERN DAY PRESIDENTIAL. Make America Great Again!  Donald J. Trump (@realDonaldTrump) July 1, 2017Trump ended his Twitter-tantrum with this.I am thinking about changing the name #FakeNews CNN to #FraudNewsCNN!  Donald J. Trump (@realDonaldTrump) July 1, 2017We know this will shock you, but his latest tweet didn t go down well on the social site.EVERYONE thinks you should stop tweeting, even your WIFE!When asked what you should stop doing once President: pic.twitter.com/tUazKx62eO  Jules Suzdaltsev (@jules_su) July 1, 2017you have a lot to learn about social media, Don.  Nathan Bernard (@nathanTbernard) July 1, 2017I can't tell if he's drunk, has dementia, or what. He just pinned the Fraud News CNN tweet  Eoin Higgins (@EoinHiggins_) July 1, 2017Trump's priorities via tweetsPeace: 39Harassing Women: 1278Bette: 484Ruth: 314Megyn: 173Cher: 114Rosie: 73Kim: 56Liz: 43Mika: 21  kim (@kim) July 1, 2017You blocked me because I said your approval rating was lower than Miracle Whip. How is that presidential?  Tony Posnanski (@tonyposnanski) July 1, 2017The Coal President calling himself modern day presidential. OK!  Adam Best (@adamcbest) July 1, 2017You started that tweet off with the most honest 8 words of your presidency. Good work! Now repeat that over & over. YOU AREN'T PRESIDENTIAL  Josh S nchez (@jnsanchez) July 1, 2017Fixed for you, Donny! #MAGA pic.twitter.com/nJtzchGuqo  Josh S nchez (@jnsanchez) July 1, 2017Obama tweeted too & it wasn t an issue. Wanna know why??? Because he was PRESIDENTIAL.  PatriotsAgainstTrump (@williamlegate) July 1, 2017Trump was called out by Republicans and Democrats after his latest attack on a woman. This time, Trump insulted MSNC s Mika Brzezinski and even after he was condemned for it in a bipartisan manner, he continued to attack her.As it happens, a Fox News poll concludes that Seventy-one percent say that Trump s tweets are hurting his agenda. Just 17 percent see the tweets as helpful. Trump is losing his own base because of his f*cking Twitter account.A heroin epidemic is sweeping across the U.S., the world is in chaos as Trump tried to make nice with China, then sold $1.4 billion worth of arms with Taiwan, which of course, pissed off China. And now he s making war noises toward North Korea. Guess whose help Trump would need if a war broke out with N.K.? China s, that s who. But instead of addressing these problems   some of which he caused   the 71-year-old man-baby is tweeting insults to media figures.And now he s declaring that his mean-girl tweets are  modern day presidential  and that   somehow   will  Make America Great Again. It seems so long ago and yet it was only last year when we had an actual modern president, one who held the highest office in the land with dignity and respect.And just a few months later, we find ourselves suddenly in a  dimension of imagination. It is an area which we call the Twilight Zone. Twitter really needs to ban that old troll.Photo by Steve Pope/Getty Images."
WHOA! DID OPRAH JUST THROW Her Hat In The Ring To Challenge Donald Trump In 2020?,"Democrats have the perfect weapon to take down Donald Trump in 2020, according to a conservative columnist: Oprah. The famed black media proprietor and TV host was thrown into the political mix on Thursday when an op-ed in the New York Post suggested she is  uniquely positioned, should she wish to commit herself, to seek the Democratic nomination for president and challenge Trump in 2020. John Podhoretz, a never-Trump advocate and former speechwriter for Presidents Ronald Reagan and George H.W. Bush, shared his essay on Twitter   and Oprah answered. Thanks for your VOTE of confidence!  she wrote back in a tweet.@jpodhoretz Thanks for your VOTE of confidence!Democrats  best hope for 2020: Oprah | New York Post https://t.co/tvt82v8cMH  Oprah Winfrey (@Oprah) September 28, 2017Podhoretz replied:  Give it a shot, what, would it kill you? Some of the replies to Oprah s response were less than positive:Oh hell no! I am a liberal Democrat. The last thing we need in the White House is another narcissist.  Steve Tharp (@stharpus) September 29, 2017NO NO NO pic.twitter.com/sGRNm47oMw  big water   (@hannahtraining) September 29, 2017Winfrey starred Sunday in a  60 Minutes  segment that had her conducting a focus group of Michigan voters, assessing the range of their political opinions.Asked about impressions of Trump, their answers ranged from  every day I love him more and more  to  he s a horrible president. Oprah listened, reflected their answers, and tried not to judge.Podhoretz wrote that she is the Trump s  mirror image. Daily MailWe re pretty sure that Trump and Oprah are not  mirror images . For one, Trump is not a race-obsessed and gender obsessed Democrat. Watch:Who can forget the interview Oprah did with Donald Trump on her show when she asked him if he d ever considering running for President. At the time of the interview, Donald J. Trump knew more about the real world and how it works, than Oprah, whose knowledge about how things work in the world ended with her Chicago set, and her on-stage couch where she practiced amateur psychology for decades in front of adoring fans."
Bone fragments found in Mexico to be tested for DNA links,"Mexican authorities said on Tuesday they will aim to identify some 3,000 bone fragments, apparently human, found at the weekend in the northern state of Coahuila, where organized crime has been blamed for the loss of thousands of lives.  State prosecutors said they were sending the remains to a genetic laboratory to assess whether they could be linked to people who have disappeared. According to government data, nearly 18,600 people have disappeared since President Enrique Pena Nieto took office in December 2012. In November, he signed into law a national commission dedicated to finding people who have disappeared. It will add some 469 million pesos ($25 million) to fund search efforts in its first stage. Gang violence has claimed more than 100,000 lives over the past decade and authorities are often unable to identify bodies found in mass graves. VIDA, a Coahuila-based group representing 77 people whose relatives have gone missing, found the fragments in a field on Saturday after a tip-off about the location. The group, accompanied by prosecutors, experts and members of the military, also found a metal barrel, gun casings, two buttons and a buckle. VIDA spokeswoman Silvia Ortiz said similar previous discoveries indicated that victims  bodies had been dismembered and burned for hours before the bones were broken apart with shovels. State prosecutors said they could not yet determine how many people the bones belonged to, according to a spokesman."
BREAKING: OBAMA SUCCESSFULLY WHITEWASHES AMERICAN HISTORY…”Racist” President Andrew Jackson To Be Replaced With Harriet Tubman On $20 Bill,"The irony in Obama s radical Treasury Secretary s decision to remove  racist  Andrew Jackson from the $20 bill, lies in the fact that Jackson was the first Democrat to be elected President. Rabid Bernie Sanders supporters are hell-bent on seeing Bernie Sanders fulfill his promise of breaking up the big bank monopolies. Andrew Jackson was pioneer in staving off banking domination in his day.But alas it s official .Moments ago Politico reported that the U.S. Treasury will announce that it plans to replace former President Andrew Jackson on the $20 bill with Harriet Tubman, the sources said. There will also be changes to the $5 bill to depict civil rights era leaders.Not every dead president is being scraped however: treasury Secretary Jack Lew on Wednesday will announce a decision to keep Alexander Hamilton on the front of the $10 bill and put leaders of the movement to give women the right to vote on the back of the bill.Lew s decision comes after he announced last summer that he was considering replacing Hamilton on the $10 bill with a woman. The announcement drew swift rebukes from fans of Hamilton, who helped create the Treasury Department and the modern American financial system. Critics immediately suggested Hamilton take Jackson off the $20 bill given the former president s role in moving native Americans off their land.Jackson may remain on the $20 bill in some capacity, but will clearly be demoted.While some pointed to the many accomplishments and qualities of Hamilton for why he should stay on the currency printed by the very Treasury the man created, the more popular argument for the Founding Father s retention was an argument about how awful the man on the $20 dollar bill was.The Daily Beast described Jackson as  villainous  and linked to a February article that called him a  mass murderer. The New York Post argued that Old Hickory  may well have been our most racist president  and was a  vicious, power-mad kook. Lew told POLITICO last July that Treasury was exploring ways to respond to critics.  There are a number of options of how we can resolve this,  Lew said.  We re not taking Alexander Hamilton off our currency. Confused? Disturbed? Angry? You are not alone. The following rant by Mac Slavo expressed many feeling about the proposed change.Andrew Jackson, Who Fought Central Bank, Removed from $20 As  Public Concern for Liberty  ErasedJackson narrowly succeeded in staving off banker domination of the U.S. during his day.Of course, Andrew Jackson, who was the United States  seventh president, was also a complete controversy his entire lifetime. It is no surprise that the same people who took down the Confederate flag from the South on the back of a mass shooting tragedy are now trying to tear down the image of a particularly controversial and intriguing figure from the American past.Jackson was a recalcitrant and unyielding general and war hero, and later an outsider riding a wave of populist support into the White House, bringing in sometimes unscrupulous companions, and plenty of Masons. Many of his backers were diametrically opposed to the entrenched power of New York bankers and speculators, as well as patrician politicians who dominated the first phase of politics in the nation s history. Jackson played a nasty role in the Trail of Tears affairs with Indians, too, and with the South and Western expansion of slave-friendly territories. Many shades of grey.Erasing Andrew Jackson from the faces of the fiat funny-money that is passed around by an increasingly ignorant and dependent society (which itself has adopted digital currency as the new norm) will further cut off the past from the masses, and ensure their enslavement.For entire story: Zero Hedge"
Indonesia passes law to ban organizations deemed against its ideology,"Around 1,000 Indonesians, led by hardline Islamist groups, protested outside parliament on Tuesday as lawmakers approved a presidential decree banning any civil organizations deemed to go against the country s secular state ideology. Tuesday s approval puts into law a policy President Joko Widodo set in a decree in July. The policy was aimed at containing hardline groups who have cast a shadow over the long-standing reputation for religious tolerance in the world s largest Muslim-majority nation.      We have seen mass organizations that are against the Pancasila (state ideology) and have created social conflict,  said Arya Bima, a lawmaker in favour of the policy.  This law doesn t impede freedom of organization or assembly, it strengthens it.   In late 2016 and early this year, groups such as Hizb-ut Tahrir Indonesia (HTI) and the Islamic Defenders Front (FPI), which call for Islamic law to be imposed in Indonesia, led mass street rallies attacking Jakarta s governor, a Christian, whom they accused of insulting Islam.  Basuki Tjahaja Purnama, who in April lost an election to get a new term, was jailed one month later after being convicted of blasphemy, in a court ruling widely criticized in Indonesia and overseas as unjust.  The presidential decree Widodo signed in July ordered the disbanding of all organizations deemed to be in conflict with the secular state ideology. HTI, which seeks to establish an Islamic caliphate, was the first organization to be disbanded under the policy. Pancasila or  five principles  is Indonesia s state ideology, which includes belief in god, the unity of the country, social justice and democracy, and which enshrines religious diversity in an officially secular system. Under the new law, anyone who  embraces, develops of spreads ideology that is in conflict with the (state ideology) Pancasila  can face imprisonment of six months to life, according to a copy of the draft law reviewed by Reuters. Rights activists and civil organizations have decried the move, saying it harks back to the era of authoritarian ruler Suharto, who demanded loyalty to Pancasila and took repressive measures against some opponents. Opposition lawmaker Al Muzamil Yusuf said the new law could  violate democratic rights and remove checks and balances on the government .     During the protest outside parliament on Tuesday, around 5,200 police and military personnel stood guard around the complex in central Jakarta.  A hashtag supporting Widodo s policy was a top trending topic on Indonesian Twitter.  This policy is not about (Widodo) or any political party, it s about safeguarding the unity of the country,  said user @Senopati."
Trump ally Stone offers to testify in Russian meddling probe,"Roger Stone, a longtime ally of President Donald Trump, said on Sunday he has offered to testify before a congressional committee investigating possible Russian meddling in the 2016 presidential election and ties to the Trump campaign. Stone, an informal adviser to Trump, told ABC’s “This Week” he had not received a reply from the House of Representatives intelligence committee on his offer of public testimony. Along with former Trump campaign manager Paul Manafort, who has also offered to appear before the panel, Stone was among the Trump associates whose communications and financial transactions were being examined by the FBI and others as part of a larger investigation into possible links with Russian officials, according to a Jan. 20 report in the New York Times. Without citing any names, FBI Director James Comey confirmed at the committee’s public hearing last week that the FBI was investigating possible Russian ties to Trump’s campaign as Moscow sought to influence the 2016 election. Stone said he was anxious to testify in public. “I reiterate again, I have had no contacts or collusions with the Russians,” he told ABC, adding later, “There is no collusion, none, at least none that I know about, in Donald Trump’s campaign for president.”   At Monday’s intelligence committee hearing, Adam Schiff, the top Democrat on the panel, cited concern over Stone’s communications with WikiLeaks founder Julian Assange and Guccifer 2, who claimed responsibility for hacking the Democratic groups. Stone said he had spoken to Assange through an intermediary and to Guccifer on Twitter in an exchange he made public. Stone also cast doubt on whether Guccifer was a Russian agent. “Just because the intelligence services say something, as we know from history, does not make it true,” he said, reflecting the doubts that Trump himself has sown about U.S. spy agencies. Carter Page, another Trump campaign adviser whose contacts with Russians were mentioned by Schiff at Monday’s hearing, also has offered to appear before the committee, according to multiple media reports. The U.S. intelligence community has concluded that Russia sponsored the hacking of Democratic Party groups during the 2016 campaign to benefit Republican Trump over Democrat Hillary Clinton. Russia has denied the allegations of meddling. Trump has dismissed the idea of any coordination between his campaign and Russia and has accused Democrats and the media of using the issue to attack him. The House committee investigation was marred on Wednesday after its Republican chairman, Representative Devin Nunes, announced to the public and briefed Trump that U.S. intelligence may have swept up communications by Trump associates before telling the committee. Nunes apologized to the intelligence panel the next day. However, he further alienated Democrats on the committee on Friday when he canceled a hearing with intelligence officials from former Democratic President Barack Obama’s administration in order to have a classified briefing with the directors of the National Security Agency and Federal Bureau of Investigation. The committee’s top Democrat, Adam Schiff, suggested the cancellation came after pressure from the White House. Schiff and other Democrats said last week’s actions raised more doubts about whether Nunes, a Trump ally who served on the president’s transition team, can conduct a credible investigation. “I think the chairman has to make a decision whether to act as a surrogate of the White House as he did during the campaign and the transition or to lead an independent and credible, investigation,” Schiff told CBS’ “Face the Nation.”"
New Poll EMBARRASSES The Hell Out Of Trump – He Lost To More Than Hillary,"While Trump crows about all the unscientific, self-selecting online polls that were rigged by his followers, the scientific polls with credibility are telling a very different post-debate story. One particular poll, which NBC conducted starting from the end of the debate on Sept. 26 into Sept. 27, shows Trump did so poorly that more people said neither candidate won than said Trump won.According to that poll, 52 percent of likely voters said Hillary won. 21 percent said Trump won, and 26 percent said neither candidate won.Image via NBC NewsOuch. Ouch ouch ouch. For someone who was only able to speak for 38 percent of the time, compared to Trump s 62 percent (and constant  Just shut up because I am God  interruptions), poll numbers like that are pretty astonishing.It s about as bad as when candidates finish worse than  none of these candidates  at the ballot box. Basically, there is nobody except the Trumpkins who believes Trump did anything of value Monday night. Furthermore, just 26 percent of Republican respondents said that the debate changed their opinion of Trump for the better. That s a pretty sorry number compared to 50 percent of Democratic respondents saying their opinion of Hillary changed for the better.Some Republican lawmakers on Capitol Hill were disappointed in Trump and his performance, too. They wanted him to attack Hillary over the dead horse of an email scandal they re so sure makes her unfit to lead the country, and he didn t. Others, however, were frustrated with his inability to put forth succinct talking points: I wish that he d say something, stick with it, and then move on to something else instead of saying the same thing over and over and over,  [Arizona Rep. Matt] Salmon said in an interview Tuesday without giving specific examples.  It was just throughout the entire debate.' Anyone who tries to read a complete transcript of the debate will have the same frustration, if not worse. Trump literally cannot stick to the point, rambles on, talks in circles, etc., and Hillary wiped the floor with him in part because of that. The rest of it   well, she s eminently qualified and he isn t, and she proved it.The NBC poll was conducted online among a sample of 7,541 likely voters, culled from the 3 million adults who take surveys on SurveyMonkey every day. The margin of error is 1.6 percent, so Trump isn t even tied with  neither,  for second place. He finished dead last.Featured image by Drew Angerer/Getty Images"
Politico Drops The Mic On Trump’s Request For Magazine Covers Featuring His Face,"Earlier this week, Trump tried to stroke his vanity to maximum advantage by asking Politico for copies of their magazine that feature his face on the cover, because, you know, he s important and everyone must be reminded of that at all possible moments. Politico is one of many media outlets that Trump has banned from his events, though, and they are understandably unhappy about it. Nevertheless, they did as Trump bade, but with a stunning reply accompanying the magazines.National editor Kristin Roberts sent him a pointed note with the magazines, which do have an illustration of Trump on the front. She said: We are happy to provide Mr. Trump and his team with the POLITICO magazines that you requested.We hope Mr. Trump enjoys reading it in his spare time. In the spirit of open communication, perhaps this would be an appropriate time to ask when you will deliver to our reporters the credentials that we have requested for his many events. I know they would greatly appreciate it. Politico just dropped the mic here. It s almost a shame they couldn t do this onstage or on television, where they could literally drop the mic, because that s the only way this would be more perfect.It s not very clear why Trump banned Politico from his events, but some suspect it has something to do with unfavorable coverage of his former campaign manager, Corey Lewandowski. Trump and his campaign have actually banned several outlets from their events, and individual reporters from many more, because they aren t stroking his ego enough to make it grow.The Politico cover in question could be seen as portraying Trump in a poor light, or as flattering, depending on how one looks at it:A photo posted by Tracie Ching (@tracieching) on Jul 18, 2016 at 8:11am PDTNobody can accuse Politico of pandering to Trump, though, and a quick Google search,  Trump + Politico,  reveals all the horrible, evil, nasty things they ve said about him. Trump hasn t tweeted about this, and it doesn t seem he s made a statement about it either, so he can t be too upset yet.Or maybe he s just too busy calling Hillary  Crooked Hillary,  and accusing her of rigging the debates to care right now. Still, Politico got him good.Featured image by Gustavo Caballero/Getty Images"
WATCH: Rachel Maddow OBLITERATES Kellyanne Conway Over Trump’s Call For More Nukes,"Rachel Maddow just pounded Kellyanne Conway, Donald Trump s former campaign manager and soon-to-be White House counselor, into the ground over the president-elect s call for more nuclear weapons.The MSNBC host confronted Conway with Trump s repeated suggestions that the world needs more nukes. Conway wriggled and squirmed to try to put a positive twist on Trump s calls for expanding nuclear capabilities, but Maddow was not having it. Trump s professional spin doctor even tried to claim that Trump hadn t really suggested that we should have more nuclear weapons at all.News flash, he absolutely did. On Thursday morning, which is just the most recent instance of his thirst for more nuclear weapons, Trump posted this little gem to his Twitter page for all his followers to see.The United States must greatly strengthen and expand its nuclear capability until such time as the world comes to its senses regarding nukes  Donald J. Trump (@realDonaldTrump) December 22, 2016Maddow completely shut Conway down when she tried to argue that Trump s Twitter rants aren t actually him setting official policy. The president making policy happens whenever the president speaks on a national security matter,  Maddo pointed out.Conway may be good at twisting the truth but she utterly failed tonight when she tried to make Trump s insistence that we need more nukes look like anything other than the terrifying invitation for global disaster that it is.Watch Maddow shut Conway down when it comes to Trump s calls for more nuclear weapons, here:Maddow: The president making policy happens whenever the president speaks on a national security matter. https://t.co/Dd7sd2TZnc  Maddow Blog (@MaddowBlog) December 23, 2016Featured image via video screen capture"
Top Senate Democrat cites civil rights concerns with Trump pick Sessions,"Incoming U.S. Senate Democratic Leader Chuck Schumer on Friday said he is “very concerned” about Republican U.S. President-elect Donald Trump’s selection of Senator Jeff Sessions as attorney general and indicated there would be tough questioning in the chamber’s confirmation process. “Given some of his past statements and his staunch opposition to immigration reform, I am very concerned about what he would do with the Civil Rights Division at the Department of Justice and want to hear what he has to say,” Schumer said in a statement."
CLINTON COVERUP: WHY WAS MAJOR CLINTON CRONY Put On Sensitive Intelligence Board? [Video],"Thank goodness for organizations like citizens United who found out what was going on with a Clinton donor getting a position on a Security Intelligence Board with ZERO experience. Please note the video below and how the reporter was to be arrested for asking a question of the Clinton crony. Newly released State Department emails help reveal how a major Clinton Foundation donor was placed on a sensitive government intelligence advisory board even though he had no obvious experience in the field, a decision that appeared to baffle the department s professional staff.The emails further reveal how, after inquiries from ABC News, the Clinton staff sought to  protect the name  of the Secretary,  stall  the ABC News reporter and ultimately accept the resignation of the donor just two days later.Copies of dozens of internal emails were provided to ABC News by the conservative political group Citizens United, which obtained them under the Freedom of Information Act after more the two years of litigation with the government.A prolific fundraiser for Democratic candidates and contributor to the Clinton Foundation, who later traveled with Bill Clinton on a trip to Africa, Rajiv K. Fernando s only known qualification for a seat on the International Security Advisory Board (ISAB) was his technological know-how. The Chicago securities trader, who specialized in electronic investing, sat alongside an august collection of nuclear scientists, former cabinet secretaries and members of Congress to advise Hillary Clinton on the use of tactical nuclear weapons and on other crucial arms control issues. Read more: Live Leak"
Cuba breaks up weekly dissident march hours before Obama visit,"Cuban police backed by hundreds of shouting pro-government demonstrators broke up a march by the dissident group Ladies in White on Sunday, detaining about 50 people hours before U.S. President Barack Obama was due for a historic visit.  The women and their male supporters carried out their normal Sunday demonstration calling for free speech and amnesty for political prisoners after attending Roman Catholic Mass in an upscale neighborhood. A similar but less intense scene plays out every Sunday. This one was much more raucous, with a larger-than-normal crowd of pro-government demonstrators. Both sides appeared more animated in front of the unusual contingent of foreign journalists, many in town for the first visit by a U.S. president in 88 years. The Ladies marched toward the much larger pro-government crowd, which was shouting: “These streets belong to Fidel,” referring to retired leader Fidel Castro. When the two groups met at an intersection, the Ladies tossed leaflets into the air and sat down, at which point police seized them and wrestled them into buses. Most allowed themselves to be taken away but others went kicking and screaming. As the detainees were driven away, the counter-demonstrators banged on the windows. Some Ladies flashed back the L sign for “Liberty,” formed by a thumb and forefinger. The dissidents are usually released after a few hours.   Such short-term detentions have increased in recent months, according to the dissident Cuban Commission of Human Rights and National Reconciliation, which has reported 1,000 a month since October, up from a previous monthly average of more than 700. Obama will meet dissidents at the U.S. Embassy on Tuesday, heightening tensions between two governments that only restored diplomatic relations last year after a 54-year break. The leader of the Ladies in White, Berta Soler, has been invited to meet Obama. She was among those detained on Sunday.  In a letter dated March 10, Obama promised the Ladies he would raise the issues of freedom of speech and assembly with Cuban President Raul Castro.  The Cuban government dismisses dissidents as mercenaries seeking to destabilize the country. Many dissidents are funded by U.S. interests, which the Cuban government uses to discredit them. Dissidents say they have no choice but to take foreign money since their careers are derailed once they become opponents. Cuba defends its universal healthcare and education as human rights and criticizes the U.S. record on race relations and the Guantanamo Bay military prison."
